strategy,layer,train_acc,test_acc,train_f1,test_f1
baseline,0,0.9461,0.9464,0.7951,0.7937
baseline,1,0.9891,0.9782,0.9434,0.8878
baseline,2,0.9945,0.9828,0.9702,0.9076
baseline,3,0.9983,0.9861,0.9906,0.9239
baseline,4,0.9998,0.9874,0.9990,0.9312
baseline,5,0.9998,0.9881,0.9990,0.9344
baseline,6,0.9998,0.9907,0.9990,0.9476
baseline,7,1.0000,0.9888,1.0000,0.9376
baseline,8,1.0000,0.9861,1.0000,0.9249
baseline,9,1.0000,0.9841,1.0000,0.9179
baseline,10,1.0000,0.9854,1.0000,0.9228
baseline,11,1.0000,0.9861,1.0000,0.9249
baseline,12,1.0000,0.9868,1.0000,0.9299
baseline,13,1.0000,0.9854,1.0000,0.9247
baseline,14,1.0000,0.9854,1.0000,0.9238
baseline,15,1.0000,0.9841,1.0000,0.9125
baseline,16,1.0000,0.9868,1.0000,0.9271
baseline,17,1.0000,0.9848,1.0000,0.9156
baseline,18,1.0000,0.9861,1.0000,0.9219
baseline,19,1.0000,0.9854,1.0000,0.9187
baseline,20,1.0000,0.9828,1.0000,0.9064
baseline,21,1.0000,0.9815,1.0000,0.8992
baseline,22,1.0000,0.9821,1.0000,0.9009
baseline,23,1.0000,0.9861,1.0000,0.9229
baseline,24,1.0000,0.9861,1.0000,0.9208
baseline,25,1.0000,0.9881,1.0000,0.9317
baseline,26,1.0000,0.9874,1.0000,0.9284
baseline,27,1.0000,0.9854,1.0000,0.9176
baseline,28,1.0000,0.9788,1.0000,0.8849
random_nouns,0,0.9582,0.9616,0.8095,0.8191
random_nouns,1,0.9906,0.9808,0.9415,0.8889
random_nouns,2,0.9947,0.9863,0.9654,0.9158
random_nouns,3,0.9978,0.9877,0.9849,0.9254
random_nouns,4,0.9995,0.9897,0.9964,0.9343
random_nouns,5,0.9998,0.9918,0.9988,0.9479
random_nouns,6,0.9998,0.9897,0.9988,0.9353
random_nouns,7,0.9998,0.9884,0.9988,0.9255
random_nouns,8,1.0000,0.9884,1.0000,0.9243
random_nouns,9,1.0000,0.9884,1.0000,0.9255
random_nouns,10,1.0000,0.9890,1.0000,0.9244
random_nouns,11,1.0000,0.9856,1.0000,0.9017
random_nouns,12,1.0000,0.9829,1.0000,0.8887
random_nouns,13,1.0000,0.9822,1.0000,0.8852
random_nouns,14,1.0000,0.9836,1.0000,0.8940
random_nouns,15,1.0000,0.9815,1.0000,0.8836
random_nouns,16,1.0000,0.9829,1.0000,0.8922
random_nouns,17,1.0000,0.9842,1.0000,0.8941
random_nouns,18,1.0000,0.9863,1.0000,0.9102
random_nouns,19,1.0000,0.9863,1.0000,0.9102
random_nouns,20,1.0000,0.9842,1.0000,0.8993
random_nouns,21,1.0000,0.9863,1.0000,0.9102
random_nouns,22,1.0000,0.9877,1.0000,0.9178
random_nouns,23,1.0000,0.9897,1.0000,0.9310
random_nouns,24,1.0000,0.9890,1.0000,0.9244
random_nouns,25,1.0000,0.9877,1.0000,0.9164
random_nouns,26,1.0000,0.9863,1.0000,0.9072
random_nouns,27,1.0000,0.9836,1.0000,0.8886
random_nouns,28,1.0000,0.9747,1.0000,0.8405
single_chars,0,0.8743,0.8749,0.6588,0.6579
single_chars,1,0.9595,0.9489,0.8205,0.7846
single_chars,2,0.9782,0.9593,0.8866,0.8095
single_chars,3,0.9883,0.9763,0.9330,0.8744
single_chars,4,0.9950,0.9793,0.9692,0.8852
single_chars,5,0.9970,0.9800,0.9813,0.8868
single_chars,6,0.9980,0.9845,0.9870,0.9077
single_chars,7,0.9989,0.9830,0.9928,0.8973
single_chars,8,0.9987,0.9815,0.9917,0.8901
single_chars,9,0.9996,0.9852,0.9976,0.9114
single_chars,10,0.9996,0.9867,0.9976,0.9176
single_chars,11,0.9996,0.9896,0.9976,0.9348
single_chars,12,0.9996,0.9882,0.9976,0.9267
single_chars,13,0.9996,0.9837,0.9976,0.9041
single_chars,14,0.9996,0.9845,0.9976,0.9077
single_chars,15,0.9996,0.9874,0.9976,0.9228
single_chars,16,0.9996,0.9852,0.9976,0.9114
single_chars,17,0.9996,0.9889,0.9976,0.9319
single_chars,18,0.9996,0.9867,0.9976,0.9202
single_chars,19,0.9996,0.9852,0.9976,0.9128
single_chars,20,0.9996,0.9830,0.9976,0.8938
single_chars,21,0.9996,0.9852,0.9976,0.9099
single_chars,22,0.9996,0.9852,0.9976,0.9099
single_chars,23,0.9996,0.9859,0.9976,0.9178
single_chars,24,0.9996,0.9822,0.9976,0.8970
single_chars,25,0.9996,0.9815,0.9976,0.8967
single_chars,26,0.9996,0.9785,0.9976,0.8765
single_chars,27,0.9996,0.9845,0.9976,0.8996
single_chars,28,0.9996,0.9822,0.9976,0.8937
all_same,0,0.9038,0.8917,0.8052,0.7923
all_same,1,0.9791,0.9583,0.9451,0.9019
all_same,2,0.9937,0.9583,0.9825,0.8957
all_same,3,0.9937,0.9833,0.9825,0.9569
all_same,4,0.9937,0.9917,0.9825,0.9777
all_same,5,0.9937,0.9833,0.9825,0.9537
all_same,6,0.9937,0.9833,0.9825,0.9569
all_same,7,0.9937,0.9667,0.9825,0.9191
all_same,8,0.9937,0.9917,0.9825,0.9777
all_same,9,0.9937,0.9917,0.9825,0.9777
all_same,10,0.9937,0.9833,0.9825,0.9569
all_same,11,0.9937,0.9833,0.9825,0.9569
all_same,12,0.9937,0.9917,0.9825,0.9777
all_same,13,0.9937,0.9917,0.9825,0.9777
all_same,14,0.9937,0.9917,0.9825,0.9777
all_same,15,0.9937,0.9917,0.9825,0.9777
all_same,16,0.9937,0.9917,0.9825,0.9777
all_same,17,0.9937,0.9917,0.9825,0.9777
all_same,18,0.9937,0.9917,0.9825,0.9777
all_same,19,0.9937,0.9917,0.9825,0.9777
all_same,20,0.9937,0.9917,0.9825,0.9777
all_same,21,0.9937,0.9917,0.9825,0.9777
all_same,22,0.9937,0.9917,0.9825,0.9777
all_same,23,0.9937,0.9917,0.9825,0.9777
all_same,24,0.9937,0.9917,0.9825,0.9777
all_same,25,0.9937,0.9917,0.9825,0.9777
all_same,26,0.9937,0.9917,0.9825,0.9777
all_same,27,0.9937,0.9917,0.9825,0.9777
all_same,28,0.9937,0.9833,0.9825,0.9537
numeric_vars,0,0.7095,0.6956,0.5613,0.5516
numeric_vars,1,0.8992,0.8788,0.7529,0.7113
numeric_vars,2,0.9381,0.9084,0.8214,0.7486
numeric_vars,3,0.9564,0.9285,0.8625,0.7858
numeric_vars,4,0.9687,0.9415,0.8944,0.8091
numeric_vars,5,0.9769,0.9421,0.9185,0.8054
numeric_vars,6,0.9817,0.9444,0.9333,0.8108
numeric_vars,7,0.9830,0.9474,0.9376,0.8227
numeric_vars,8,0.9849,0.9509,0.9440,0.8289
numeric_vars,9,0.9897,0.9533,0.9604,0.8337
numeric_vars,10,0.9923,0.9474,0.9700,0.8165
numeric_vars,11,0.9935,0.9504,0.9744,0.8199
numeric_vars,12,0.9938,0.9545,0.9756,0.8306
numeric_vars,13,0.9945,0.9527,0.9784,0.8272
numeric_vars,14,0.9967,0.9504,0.9869,0.8102
numeric_vars,15,0.9970,0.9486,0.9881,0.8128
numeric_vars,16,0.9975,0.9527,0.9899,0.8192
numeric_vars,17,0.9976,0.9504,0.9904,0.8173
numeric_vars,18,0.9978,0.9504,0.9910,0.8102
numeric_vars,19,0.9976,0.9533,0.9904,0.8194
numeric_vars,20,0.9981,0.9533,0.9922,0.8208
numeric_vars,21,0.9982,0.9515,0.9928,0.8118
numeric_vars,22,0.9982,0.9450,0.9928,0.7969
numeric_vars,23,0.9982,0.9533,0.9928,0.8262
numeric_vars,24,0.9982,0.9492,0.9928,0.8041
numeric_vars,25,0.9982,0.9403,0.9928,0.7726
numeric_vars,26,0.9982,0.9415,0.9928,0.7736
numeric_vars,27,0.9982,0.9444,0.9928,0.7859
numeric_vars,28,0.9981,0.9421,0.9922,0.7819
misleading_accumulator,0,0.9847,0.9781,0.9125,0.8836
misleading_accumulator,1,0.9966,0.9947,0.9778,0.9659
misleading_accumulator,2,0.9989,0.9955,0.9924,0.9700
misleading_accumulator,3,1.0000,0.9970,1.0000,0.9800
misleading_accumulator,4,1.0000,0.9985,1.0000,0.9900
misleading_accumulator,5,1.0000,0.9985,1.0000,0.9898
misleading_accumulator,6,1.0000,0.9985,1.0000,0.9898
misleading_accumulator,7,1.0000,1.0000,1.0000,1.0000
misleading_accumulator,8,1.0000,0.9992,1.0000,0.9949
misleading_accumulator,9,1.0000,0.9977,1.0000,0.9848
misleading_accumulator,10,1.0000,0.9970,1.0000,0.9800
misleading_accumulator,11,1.0000,0.9977,1.0000,0.9848
misleading_accumulator,12,1.0000,0.9970,1.0000,0.9800
misleading_accumulator,13,1.0000,0.9977,1.0000,0.9851
misleading_accumulator,14,1.0000,0.9970,1.0000,0.9800
misleading_accumulator,15,1.0000,0.9962,1.0000,0.9752
misleading_accumulator,16,1.0000,0.9970,1.0000,0.9800
misleading_accumulator,17,1.0000,0.9970,1.0000,0.9800
misleading_accumulator,18,1.0000,0.9970,1.0000,0.9803
misleading_accumulator,19,1.0000,0.9977,1.0000,0.9851
misleading_accumulator,20,1.0000,0.9977,1.0000,0.9851
misleading_accumulator,21,1.0000,0.9977,1.0000,0.9851
misleading_accumulator,22,1.0000,0.9970,1.0000,0.9800
misleading_accumulator,23,1.0000,0.9970,1.0000,0.9800
misleading_accumulator,24,1.0000,0.9970,1.0000,0.9803
misleading_accumulator,25,1.0000,0.9955,1.0000,0.9705
misleading_accumulator,26,1.0000,0.9970,1.0000,0.9796
misleading_accumulator,27,1.0000,0.9962,1.0000,0.9747
misleading_accumulator,28,1.0000,0.9902,1.0000,0.9367
