language,model,mode,layer,n,clean,intervened,ctrl_random_position,ctrl_random_direction,ctrl_same_role,specificity,cases_scored,cases_available,git_commit
cpp,qwen2515b,ablate,0,157,14.1964,-0.0899,11.0385,,,4.524,157,161,55638dc8c00b
cpp,qwen2515b,ablate,4,157,14.1964,2.3884,13.8265,,,31.914,157,161,55638dc8c00b
cpp,qwen2515b,ablate,8,157,14.1964,1.8523,12.9246,,,9.706,157,161,55638dc8c00b
cpp,qwen2515b,ablate,12,157,14.1964,2.2132,13.6278,,,21.072,157,161,55638dc8c00b
cpp,qwen2515b,ablate,16,157,14.1964,2.3181,13.7583,,,27.113,157,161,55638dc8c00b
cpp,qwen2515b,ablate,20,157,14.1964,2.6353,13.5909,,,19.092,157,161,55638dc8c00b
cpp,qwen2515b,ablate,24,157,14.1964,7.535,13.7489,,,14.885,157,161,55638dc8c00b
cpp,qwen2515b,ablate,28,157,14.1964,14.1964,13.7983,,,0.0,157,161,55638dc8c00b
cpp,qwen2515b,patch,0,157,14.1964,-0.6488,10.1133,,7.4764,3.636,157,161,55638dc8c00b
cpp,qwen2515b,patch,4,157,14.1964,-0.3064,11.7556,,7.6741,5.942,157,161,55638dc8c00b
cpp,qwen2515b,patch,8,157,14.1964,-0.0605,12.0097,,8.332,6.52,157,161,55638dc8c00b
cpp,qwen2515b,patch,12,157,14.1964,0.3936,12.1117,,8.4757,6.621,157,161,55638dc8c00b
cpp,qwen2515b,patch,16,157,14.1964,1.1582,12.4697,,8.5783,7.551,157,161,55638dc8c00b
cpp,qwen2515b,patch,20,157,14.1964,2.3642,12.6952,,8.7142,7.882,157,161,55638dc8c00b
cpp,qwen2515b,patch,24,157,14.1964,7.2743,12.6157,,10.7937,4.379,157,161,55638dc8c00b
cpp,qwen2515b,patch,28,157,14.1964,14.1964,13.8293,,13.2949,0.0,157,161,55638dc8c00b
cpp,qwen2515b,steer,0,79,13.9649,13.4629,13.9586,13.8638,,80.087,79,161,55638dc8c00b
cpp,qwen2515b,steer,4,79,13.9649,13.0481,13.9703,13.9175,,169.317,79,161,55638dc8c00b
cpp,qwen2515b,steer,8,79,13.9649,12.8812,13.9837,13.8927,,57.41,79,161,55638dc8c00b
cpp,qwen2515b,steer,12,79,13.9649,12.8373,13.9508,13.838,,80.434,79,161,55638dc8c00b
cpp,qwen2515b,steer,16,79,13.9649,12.6571,13.9155,13.8094,,26.482,79,161,55638dc8c00b
cpp,qwen2515b,steer,20,79,13.9649,12.3254,13.8964,13.7101,,23.939,79,161,55638dc8c00b
cpp,qwen2515b,steer,24,79,13.9649,11.4565,13.9091,13.7872,,45.002,79,161,55638dc8c00b
cpp,qwen2515b,steer,28,79,13.9649,13.9649,13.7134,13.9649,,0.0,79,161,55638dc8c00b
cpp,qwen25coder15b,ablate,0,158,14.7815,1.8541,11.8319,,,4.383,158,161,55638dc8c00b
cpp,qwen25coder15b,ablate,4,158,14.7815,3.6208,13.8913,,,12.538,158,161,55638dc8c00b
cpp,qwen25coder15b,ablate,8,158,14.7815,3.0632,13.5842,,,9.787,158,161,55638dc8c00b
cpp,qwen25coder15b,ablate,12,158,14.7815,3.4793,14.0769,,,16.042,158,161,55638dc8c00b
cpp,qwen25coder15b,ablate,16,158,14.7815,3.9428,14.4205,,,30.025,158,161,55638dc8c00b
cpp,qwen25coder15b,ablate,20,158,14.7815,4.1807,14.6424,,,76.199,158,161,55638dc8c00b
cpp,qwen25coder15b,ablate,24,158,14.7815,8.4186,14.363,,,15.204,158,161,55638dc8c00b
cpp,qwen25coder15b,ablate,28,158,14.7815,14.7815,14.6002,,,0.0,158,161,55638dc8c00b
cpp,qwen25coder15b,patch,0,158,14.7815,-0.6323,10.4732,,7.7963,3.578,158,161,55638dc8c00b
cpp,qwen25coder15b,patch,4,158,14.7815,-0.36,11.6494,,8.1496,4.834,158,161,55638dc8c00b
cpp,qwen25coder15b,patch,8,158,14.7815,-0.0314,12.6444,,9.1725,6.931,158,161,55638dc8c00b
cpp,qwen25coder15b,patch,12,158,14.7815,0.459,12.5616,,9.2973,6.452,158,161,55638dc8c00b
cpp,qwen25coder15b,patch,16,158,14.7815,1.2806,12.8291,,9.3747,6.915,158,161,55638dc8c00b
cpp,qwen25coder15b,patch,20,158,14.7815,2.4503,12.8678,,9.5772,6.444,158,161,55638dc8c00b
cpp,qwen25coder15b,patch,24,158,14.7815,7.2839,13.4088,,11.3797,5.462,158,161,55638dc8c00b
cpp,qwen25coder15b,patch,28,158,14.7815,14.7815,14.7815,,13.8505,,158,161,55638dc8c00b
cpp,qwen25coder15b,steer,0,79,14.616,14.3385,14.6188,14.5436,,99.332,79,161,55638dc8c00b
cpp,qwen25coder15b,steer,4,79,14.616,13.8012,14.6125,14.6016,,229.659,79,161,55638dc8c00b
cpp,qwen25coder15b,steer,8,79,14.616,13.6205,14.5903,14.5836,,38.664,79,161,55638dc8c00b
cpp,qwen25coder15b,steer,12,79,14.616,13.5763,14.586,14.5392,,34.698,79,161,55638dc8c00b
cpp,qwen25coder15b,steer,16,79,14.616,13.5964,14.5505,14.4908,,15.557,79,161,55638dc8c00b
cpp,qwen25coder15b,steer,20,79,14.616,13.6408,14.5662,14.4755,,19.571,79,161,55638dc8c00b
cpp,qwen25coder15b,steer,24,79,14.616,13.1797,14.6136,14.488,,602.041,79,161,55638dc8c00b
cpp,qwen25coder15b,steer,28,79,14.616,14.616,14.5602,14.616,,0.0,79,161,55638dc8c00b
cpp,starcoder27b,ablate,0,157,14.1303,0.7248,11.0227,,,4.314,157,161,55638dc8c00b
cpp,starcoder27b,ablate,4,157,14.1303,1.7445,13.7911,,,36.511,157,161,55638dc8c00b
cpp,starcoder27b,ablate,8,157,14.1303,2.2951,13.562,,,20.826,157,161,55638dc8c00b
cpp,starcoder27b,ablate,12,157,14.1303,2.345,13.3459,,,15.024,157,161,55638dc8c00b
cpp,starcoder27b,ablate,16,157,14.1303,2.3377,13.5276,,,19.566,157,161,55638dc8c00b
cpp,starcoder27b,ablate,20,157,14.1303,8.7276,13.7075,,,12.779,157,161,55638dc8c00b
cpp,starcoder27b,ablate,24,157,14.1303,11.8172,13.6062,,,4.414,157,161,55638dc8c00b
cpp,starcoder27b,ablate,28,157,14.1303,13.3186,13.5199,,,1.33,157,161,55638dc8c00b
cpp,starcoder27b,ablate,32,157,14.1303,14.1303,13.7566,,,0.0,157,161,55638dc8c00b
cpp,starcoder27b,patch,0,157,14.1303,-0.1791,9.7198,,6.8044,3.244,157,161,55638dc8c00b
cpp,starcoder27b,patch,4,157,14.1303,-0.8513,12.2834,,7.657,8.112,157,161,55638dc8c00b
cpp,starcoder27b,patch,8,157,14.1303,-0.4616,12.6131,,7.969,9.618,157,161,55638dc8c00b
cpp,starcoder27b,patch,12,157,14.1303,-0.0869,12.671,,8.1087,9.742,157,161,55638dc8c00b
cpp,starcoder27b,patch,16,157,14.1303,0.6401,12.8308,,8.2796,10.381,157,161,55638dc8c00b
cpp,starcoder27b,patch,20,157,14.1303,6.0445,12.9271,,9.6141,6.72,157,161,55638dc8c00b
cpp,starcoder27b,patch,24,157,14.1303,11.381,13.2539,,11.4197,3.137,157,161,55638dc8c00b
cpp,starcoder27b,patch,28,157,14.1303,13.1658,13.3532,,11.8565,1.241,157,161,55638dc8c00b
cpp,starcoder27b,patch,32,157,14.1303,14.1303,14.1303,,12.0867,,157,161,55638dc8c00b
cpp,starcoder27b,steer,0,78,14.0252,13.8291,14.0125,14.0302,,15.45,78,161,55638dc8c00b
cpp,starcoder27b,steer,4,78,14.0252,13.65,14.0263,14.0321,,345.429,78,161,55638dc8c00b
cpp,starcoder27b,steer,8,78,14.0252,13.6141,14.0209,13.9996,,95.934,78,161,55638dc8c00b
cpp,starcoder27b,steer,12,78,14.0252,13.56,13.9936,13.9928,,14.724,78,161,55638dc8c00b
cpp,starcoder27b,steer,16,78,14.0252,13.3982,13.993,13.9526,,19.443,78,161,55638dc8c00b
cpp,starcoder27b,steer,20,78,14.0252,13.3717,13.93,13.9916,,6.867,78,161,55638dc8c00b
cpp,starcoder27b,steer,24,78,14.0252,13.4535,14.0226,13.9849,,218.731,78,161,55638dc8c00b
cpp,starcoder27b,steer,28,78,14.0252,13.7645,13.9986,13.9653,,9.782,78,161,55638dc8c00b
cpp,starcoder27b,steer,32,78,14.0252,14.0252,13.8533,14.0252,,0.0,78,161,55638dc8c00b
java,qwen2515b,ablate,0,155,1.1378,-7.0156,0.4951,,,12.686,155,155,77f41ede7c6b
java,qwen2515b,ablate,4,155,1.1378,-7.9776,0.5805,,,16.357,155,155,77f41ede7c6b
java,qwen2515b,ablate,8,155,1.1378,-8.5632,0.4829,,,14.812,155,155,77f41ede7c6b
java,qwen2515b,ablate,12,155,1.1378,-8.4493,1.0263,,,85.966,155,155,77f41ede7c6b
java,qwen2515b,ablate,16,155,1.1378,-8.5825,0.7971,,,28.526,155,155,77f41ede7c6b
java,qwen2515b,ablate,20,155,1.1378,-8.5301,0.9519,,,51.99,155,155,77f41ede7c6b
java,qwen2515b,ablate,24,155,1.1378,-4.6756,1.0105,,,45.637,155,155,77f41ede7c6b
java,qwen2515b,ablate,28,155,1.1378,1.1378,1.0589,,,0.0,155,155,77f41ede7c6b
java,qwen2515b,patch,0,155,1.1378,-9.6102,-1.1198,,,4.761,155,155,77f41ede7c6b
java,qwen2515b,patch,4,155,1.1378,-9.9547,-0.3735,,,7.34,155,155,77f41ede7c6b
java,qwen2515b,patch,8,155,1.1378,-10.4691,-0.7666,,,6.095,155,155,77f41ede7c6b
java,qwen2515b,patch,12,155,1.1378,-10.2797,-0.3373,,,7.74,155,155,77f41ede7c6b
java,qwen2515b,patch,16,155,1.1378,-9.8371,-0.3429,,,7.412,155,155,77f41ede7c6b
java,qwen2515b,patch,20,155,1.1378,-8.7423,-0.2215,,,7.268,155,155,77f41ede7c6b
java,qwen2515b,patch,24,155,1.1378,-4.983,-0.3372,,,4.15,155,155,77f41ede7c6b
java,qwen2515b,patch,28,155,1.1378,1.1378,0.9746,,,0.0,155,155,77f41ede7c6b
java,qwen2515b,steer,0,78,0.5911,0.1673,0.5778,0.5911,,31.816,78,155,77f41ede7c6b
java,qwen2515b,steer,4,78,0.5911,-0.1636,0.582,0.6385,,83.254,78,155,77f41ede7c6b
java,qwen2515b,steer,8,78,0.5911,-0.2579,0.5901,0.5915,,826.927,78,155,77f41ede7c6b
java,qwen2515b,steer,12,78,0.5911,-0.2889,0.5765,0.5232,,60.381,78,155,77f41ede7c6b
java,qwen2515b,steer,16,78,0.5911,-0.5134,0.5082,0.4934,,13.33,78,155,77f41ede7c6b
java,qwen2515b,steer,20,78,0.5911,-1.0169,0.4406,0.5419,,10.685,78,155,77f41ede7c6b
java,qwen2515b,steer,24,78,0.5911,-1.8951,0.5566,0.5466,,72.158,78,155,77f41ede7c6b
java,qwen2515b,steer,28,78,0.5911,0.5911,0.3147,0.5911,,0.0,78,155,77f41ede7c6b
java,qwen25coder15b,ablate,0,155,2.6064,-5.6418,2.0279,,,14.256,155,155,77f41ede7c6b
java,qwen25coder15b,ablate,4,155,2.6064,-6.7241,1.8475,,,12.295,155,155,77f41ede7c6b
java,qwen25coder15b,ablate,8,155,2.6064,-6.4131,2.0129,,,15.197,155,155,77f41ede7c6b
java,qwen25coder15b,ablate,12,155,2.6064,-6.4962,2.4606,,,62.427,155,155,77f41ede7c6b
java,qwen25coder15b,ablate,16,155,2.6064,-6.6209,2.3642,,,38.098,155,155,77f41ede7c6b
java,qwen25coder15b,ablate,20,155,2.6064,-6.7034,2.3541,,,36.893,155,155,77f41ede7c6b
java,qwen25coder15b,ablate,24,155,2.6064,-3.4831,2.4387,,,36.311,155,155,77f41ede7c6b
java,qwen25coder15b,ablate,28,155,2.6064,2.6064,2.4717,,,0.0,155,155,77f41ede7c6b
java,qwen25coder15b,patch,0,155,2.6064,-9.0992,0.0925,,,4.656,155,155,77f41ede7c6b
java,qwen25coder15b,patch,4,155,2.6064,-9.5306,0.9233,,,7.211,155,155,77f41ede7c6b
java,qwen25coder15b,patch,8,155,2.6064,-10.0355,0.4695,,,5.916,155,155,77f41ede7c6b
java,qwen25coder15b,patch,12,155,2.6064,-9.9012,0.9913,,,7.744,155,155,77f41ede7c6b
java,qwen25coder15b,patch,16,155,2.6064,-9.4066,1.0209,,,7.577,155,155,77f41ede7c6b
java,qwen25coder15b,patch,20,155,2.6064,-8.535,1.0988,,,7.39,155,155,77f41ede7c6b
java,qwen25coder15b,patch,24,155,2.6064,-4.6637,1.1085,,,4.853,155,155,77f41ede7c6b
java,qwen25coder15b,patch,28,155,2.6064,2.6064,2.4134,,,0.0,155,155,77f41ede7c6b
java,qwen25coder15b,steer,0,78,2.1113,1.85,2.1127,2.0964,,179.931,78,155,77f41ede7c6b
java,qwen25coder15b,steer,4,78,2.1113,1.515,2.1013,2.0727,,59.535,78,155,77f41ede7c6b
java,qwen25coder15b,steer,8,78,2.1113,1.4135,2.1237,2.1247,,56.181,78,155,77f41ede7c6b
java,qwen25coder15b,steer,12,78,2.1113,1.3311,2.0642,2.0605,,16.556,78,155,77f41ede7c6b
java,qwen25coder15b,steer,16,78,2.1113,1.2033,2.0764,2.1125,,26.05,78,155,77f41ede7c6b
java,qwen25coder15b,steer,20,78,2.1113,1.1446,2.0012,1.9574,,8.782,78,155,77f41ede7c6b
java,qwen25coder15b,steer,24,78,2.1113,0.3992,2.0875,2.073,,71.971,78,155,77f41ede7c6b
java,qwen25coder15b,steer,28,78,2.1113,2.1113,1.8476,2.1113,,0.0,78,155,77f41ede7c6b
java,starcoder27b,ablate,0,155,10.5573,-0.4331,8.9664,,,6.908,155,155,77f41ede7c6b
java,starcoder27b,ablate,4,155,10.5573,-0.6324,10.1428,,,26.994,155,155,77f41ede7c6b
java,starcoder27b,ablate,8,155,10.5573,0.015,9.809,,,14.088,155,155,77f41ede7c6b
java,starcoder27b,ablate,12,155,10.5573,0.2082,9.8671,,,14.995,155,155,77f41ede7c6b
java,starcoder27b,ablate,16,155,10.5573,0.0611,9.8851,,,15.615,155,155,77f41ede7c6b
java,starcoder27b,ablate,20,155,10.5573,5.0204,9.7796,,,7.119,155,155,77f41ede7c6b
java,starcoder27b,ablate,24,155,10.5573,8.4332,10.0631,,,4.298,155,155,77f41ede7c6b
java,starcoder27b,ablate,28,155,10.5573,9.8901,10.0324,,,1.271,155,155,77f41ede7c6b
java,starcoder27b,ablate,32,155,10.5573,10.5573,10.0862,,,0.0,155,155,77f41ede7c6b
java,starcoder27b,patch,0,155,10.5573,-1.6939,7.307,,,3.769,155,155,77f41ede7c6b
java,starcoder27b,patch,4,155,10.5573,-3.3426,8.7081,,,7.517,155,155,77f41ede7c6b
java,starcoder27b,patch,8,155,10.5573,-3.0941,8.8752,,,8.116,155,155,77f41ede7c6b
java,starcoder27b,patch,12,155,10.5573,-2.6701,9.0169,,,8.587,155,155,77f41ede7c6b
java,starcoder27b,patch,16,155,10.5573,-1.9585,8.9617,,,7.844,155,155,77f41ede7c6b
java,starcoder27b,patch,20,155,10.5573,2.4764,9.1154,,,5.604,155,155,77f41ede7c6b
java,starcoder27b,patch,24,155,10.5573,7.7942,9.4317,,,2.455,155,155,77f41ede7c6b
java,starcoder27b,patch,28,155,10.5573,9.4865,9.9405,,,1.736,155,155,77f41ede7c6b
java,starcoder27b,patch,32,155,10.5573,10.5573,10.4479,,,0.0,155,155,77f41ede7c6b
java,starcoder27b,steer,0,78,10.6376,10.5099,10.6251,10.6321,,10.188,78,155,77f41ede7c6b
java,starcoder27b,steer,4,78,10.6376,10.403,10.5789,10.6269,,3.995,78,155,77f41ede7c6b
java,starcoder27b,steer,8,78,10.6376,10.3269,10.6218,10.5885,,19.641,78,155,77f41ede7c6b
java,starcoder27b,steer,12,78,10.6376,10.3016,10.6031,10.5858,,9.725,78,155,77f41ede7c6b
java,starcoder27b,steer,16,78,10.6376,10.1351,10.592,10.5884,,11.017,78,155,77f41ede7c6b
java,starcoder27b,steer,20,78,10.6376,10.0883,10.6033,10.6156,,16.004,78,155,77f41ede7c6b
java,starcoder27b,steer,24,78,10.6376,10.0831,10.6354,10.6077,,244.019,78,155,77f41ede7c6b
java,starcoder27b,steer,28,78,10.6376,10.403,10.6195,10.5998,,12.93,78,155,77f41ede7c6b
java,starcoder27b,steer,32,78,10.6376,10.6376,10.5355,10.6376,,0.0,78,155,77f41ede7c6b
javascript,qwen2515b,ablate,0,58,7.9621,-1.7659,6.3423,,,6.006,58,131,08e9d2335346
javascript,qwen2515b,ablate,4,58,7.9621,-2.3902,6.6283,,,7.761,58,131,08e9d2335346
javascript,qwen2515b,ablate,8,58,7.9621,-2.8816,7.0319,,,11.658,58,131,08e9d2335346
javascript,qwen2515b,ablate,12,58,7.9621,-2.6642,7.3482,,,17.307,58,131,08e9d2335346
javascript,qwen2515b,ablate,16,58,7.9621,-2.8899,7.5551,,,26.662,58,131,08e9d2335346
javascript,qwen2515b,ablate,20,58,7.9621,-2.6369,7.4077,,,19.115,58,131,08e9d2335346
javascript,qwen2515b,ablate,24,58,7.9621,1.5254,7.2745,,,9.36,58,131,08e9d2335346
javascript,qwen2515b,ablate,28,58,7.9621,7.9621,7.8281,,,0.0,58,131,08e9d2335346
javascript,qwen2515b,patch,0,58,7.9621,-3.757,5.4835,,,4.728,58,131,08e9d2335346
javascript,qwen2515b,patch,4,58,7.9621,-4.1692,6.1806,,,6.81,58,131,08e9d2335346
javascript,qwen2515b,patch,8,58,7.9621,-4.7924,6.1033,,,6.862,58,131,08e9d2335346
javascript,qwen2515b,patch,12,58,7.9621,-4.7649,5.9685,,,6.384,58,131,08e9d2335346
javascript,qwen2515b,patch,16,58,7.9621,-3.9873,5.9216,,,5.856,58,131,08e9d2335346
javascript,qwen2515b,patch,20,58,7.9621,-3.0841,6.2109,,,6.308,58,131,08e9d2335346
javascript,qwen2515b,patch,24,58,7.9621,1.0094,6.5909,,,5.07,58,131,08e9d2335346
javascript,qwen2515b,patch,28,58,7.9621,7.9621,7.2072,,,0.0,58,131,08e9d2335346
javascript,qwen2515b,steer,0,31,8.135,7.8575,8.1278,8.1249,,38.967,31,131,08e9d2335346
javascript,qwen2515b,steer,4,31,8.135,7.458,8.0921,8.1092,,15.788,31,131,08e9d2335346
javascript,qwen2515b,steer,8,31,8.135,7.4017,8.1254,8.1063,,76.82,31,131,08e9d2335346
javascript,qwen2515b,steer,12,31,8.135,7.3954,8.1542,8.1114,,38.422,31,131,08e9d2335346
javascript,qwen2515b,steer,16,31,8.135,7.0609,8.0397,8.0211,,11.271,31,131,08e9d2335346
javascript,qwen2515b,steer,20,31,8.135,6.6588,8.0751,8.0361,,24.676,31,131,08e9d2335346
javascript,qwen2515b,steer,24,31,8.135,6.3724,8.0631,8.0079,,24.529,31,131,08e9d2335346
javascript,qwen2515b,steer,28,31,8.135,8.135,8.135,8.135,,,31,131,08e9d2335346
javascript,qwen25coder15b,ablate,0,62,8.0426,-1.4962,7.1205,,,10.345,62,131,08e9d2335346
javascript,qwen25coder15b,ablate,4,62,8.0426,-1.5349,7.3138,,,13.142,62,131,08e9d2335346
javascript,qwen25coder15b,ablate,8,62,8.0426,-1.4952,7.35,,,13.771,62,131,08e9d2335346
javascript,qwen25coder15b,ablate,12,62,8.0426,-1.6173,7.2624,,,12.382,62,131,08e9d2335346
javascript,qwen25coder15b,ablate,16,62,8.0426,-1.8257,7.6916,,,28.12,62,131,08e9d2335346
javascript,qwen25coder15b,ablate,20,62,8.0426,-1.7779,7.2734,,,12.768,62,131,08e9d2335346
javascript,qwen25coder15b,ablate,24,62,8.0426,1.6577,7.9877,,,116.416,62,131,08e9d2335346
javascript,qwen25coder15b,ablate,28,62,8.0426,8.0426,7.7645,,,0.0,62,131,08e9d2335346
javascript,qwen25coder15b,patch,0,62,8.0426,-3.5038,5.4973,,,4.536,62,131,08e9d2335346
javascript,qwen25coder15b,patch,4,62,8.0426,-3.6948,6.1502,,,6.203,62,131,08e9d2335346
javascript,qwen25coder15b,patch,8,62,8.0426,-4.6744,6.1299,,,6.649,62,131,08e9d2335346
javascript,qwen25coder15b,patch,12,62,8.0426,-4.6016,6.3284,,,7.376,62,131,08e9d2335346
javascript,qwen25coder15b,patch,16,62,8.0426,-4.127,6.1917,,,6.575,62,131,08e9d2335346
javascript,qwen25coder15b,patch,20,62,8.0426,-3.5854,6.3679,,,6.943,62,131,08e9d2335346
javascript,qwen25coder15b,patch,24,62,8.0426,0.1899,6.7281,,,5.974,62,131,08e9d2335346
javascript,qwen25coder15b,patch,28,62,8.0426,8.0426,7.9409,,,0.0,62,131,08e9d2335346
javascript,qwen25coder15b,steer,0,31,8.3697,8.2565,8.3645,8.1683,,21.645,31,131,08e9d2335346
javascript,qwen25coder15b,steer,4,31,8.3697,7.9512,8.3669,8.3513,,147.622,31,131,08e9d2335346
javascript,qwen25coder15b,steer,8,31,8.3697,7.8803,8.3647,8.3312,,97.106,31,131,08e9d2335346
javascript,qwen25coder15b,steer,12,31,8.3697,7.7771,8.3184,8.3371,,11.555,31,131,08e9d2335346
javascript,qwen25coder15b,steer,16,31,8.3697,7.601,8.3886,8.2773,,40.67,31,131,08e9d2335346
javascript,qwen25coder15b,steer,20,31,8.3697,7.3179,8.2532,8.2554,,9.024,31,131,08e9d2335346
javascript,qwen25coder15b,steer,24,31,8.3697,7.2223,8.3521,8.2823,,65.276,31,131,08e9d2335346
javascript,qwen25coder15b,steer,28,31,8.3697,8.3697,8.3697,8.3697,,,31,131,08e9d2335346
javascript,starcoder27b,ablate,0,129,10.4379,-0.058,8.7186,,,6.105,129,131,08e9d2335346
javascript,starcoder27b,ablate,4,129,10.4379,-0.5325,10.0361,,,27.306,129,131,08e9d2335346
javascript,starcoder27b,ablate,8,129,10.4379,0.5753,9.7517,,,14.374,129,131,08e9d2335346
javascript,starcoder27b,ablate,12,129,10.4379,0.5832,9.9021,,,18.394,129,131,08e9d2335346
javascript,starcoder27b,ablate,16,129,10.4379,0.6216,9.7444,,,14.155,129,131,08e9d2335346
javascript,starcoder27b,ablate,20,129,10.4379,4.9975,10.0063,,,12.608,129,131,08e9d2335346
javascript,starcoder27b,ablate,24,129,10.4379,8.299,10.1201,,,6.732,129,131,08e9d2335346
javascript,starcoder27b,ablate,28,129,10.4379,9.8252,9.8309,,,1.009,129,131,08e9d2335346
javascript,starcoder27b,ablate,32,129,10.4379,10.4379,9.7736,,,0.0,129,131,08e9d2335346
javascript,starcoder27b,patch,0,129,10.4379,-0.7517,7.808,,,4.255,129,131,08e9d2335346
javascript,starcoder27b,patch,4,129,10.4379,-1.6987,8.9307,,,8.052,129,131,08e9d2335346
javascript,starcoder27b,patch,8,129,10.4379,-1.3179,8.9781,,,8.053,129,131,08e9d2335346
javascript,starcoder27b,patch,12,129,10.4379,-1.0056,9.0237,,,8.092,129,131,08e9d2335346
javascript,starcoder27b,patch,16,129,10.4379,-0.5321,9.1077,,,8.247,129,131,08e9d2335346
javascript,starcoder27b,patch,20,129,10.4379,2.9743,8.9108,,,4.888,129,131,08e9d2335346
javascript,starcoder27b,patch,24,129,10.4379,7.8572,9.4115,,,2.515,129,131,08e9d2335346
javascript,starcoder27b,patch,28,129,10.4379,9.5354,10.0224,,,2.172,129,131,08e9d2335346
javascript,starcoder27b,patch,32,129,10.4379,10.4379,10.2257,,,0.0,129,131,08e9d2335346
javascript,starcoder27b,steer,0,65,10.4854,10.3542,10.475,10.4865,,12.671,65,131,08e9d2335346
javascript,starcoder27b,steer,4,65,10.4854,10.2121,10.4738,10.4683,,23.698,65,131,08e9d2335346
javascript,starcoder27b,steer,8,65,10.4854,10.1148,10.4505,10.4942,,10.641,65,131,08e9d2335346
javascript,starcoder27b,steer,12,65,10.4854,10.0474,10.4565,10.4623,,15.187,65,131,08e9d2335346
javascript,starcoder27b,steer,16,65,10.4854,9.8941,10.4327,10.4671,,11.232,65,131,08e9d2335346
javascript,starcoder27b,steer,20,65,10.4854,9.8974,10.4342,10.4278,,11.482,65,131,08e9d2335346
javascript,starcoder27b,steer,24,65,10.4854,9.9128,10.458,10.4502,,20.952,65,131,08e9d2335346
javascript,starcoder27b,steer,28,65,10.4854,10.2788,10.482,10.4427,,60.973,65,131,08e9d2335346
javascript,starcoder27b,steer,32,65,10.4854,10.4854,10.4854,10.4854,,,65,131,08e9d2335346
php,qwen2515b,ablate,0,15,7.0625,-6.5068,5.8755,,,11.432,15,18,08e9d2335346
php,qwen2515b,ablate,4,15,7.0625,-8.3292,5.1797,,,8.175,15,18,08e9d2335346
php,qwen2515b,ablate,8,15,7.0625,-8.475,6.4016,,,23.508,15,18,08e9d2335346
php,qwen2515b,ablate,12,15,7.0625,-8.2943,6.6474,,,36.995,15,18,08e9d2335346
php,qwen2515b,ablate,16,15,7.0625,-8.6359,6.0146,,,14.981,15,18,08e9d2335346
php,qwen2515b,ablate,20,15,7.0625,-8.0885,6.9146,,,102.43,15,18,08e9d2335346
php,qwen2515b,ablate,24,15,7.0625,0.0141,6.1471,,,7.7,15,18,08e9d2335346
php,qwen2515b,ablate,28,15,7.0625,7.0625,7.0625,,,,15,18,08e9d2335346
php,qwen2515b,patch,0,15,7.0625,-4.2969,5.2714,,,6.342,15,18,08e9d2335346
php,qwen2515b,patch,4,15,7.0625,-4.6354,5.4354,,,7.19,15,18,08e9d2335346
php,qwen2515b,patch,8,15,7.0625,-4.5208,4.8667,,,5.275,15,18,08e9d2335346
php,qwen2515b,patch,12,15,7.0625,-4.3339,5.1677,,,6.015,15,18,08e9d2335346
php,qwen2515b,patch,16,15,7.0625,-4.0526,5.2714,,,6.206,15,18,08e9d2335346
php,qwen2515b,patch,20,15,7.0625,-3.3599,4.9354,,,4.9,15,18,08e9d2335346
php,qwen2515b,patch,24,15,7.0625,1.301,5.3084,,,3.285,15,18,08e9d2335346
php,qwen2515b,patch,28,15,7.0625,7.0625,5.9145,,,0.0,15,18,08e9d2335346
php,qwen2515b,steer,0,7,6.5089,5.3516,6.4665,5.7377,,27.289,7,18,08e9d2335346
php,qwen2515b,steer,4,7,6.5089,5.6808,6.4408,6.49,,12.164,7,18,08e9d2335346
php,qwen2515b,steer,8,7,6.5089,5.4866,6.4788,6.4766,,33.926,7,18,08e9d2335346
php,qwen2515b,steer,12,7,6.5089,5.3683,6.5179,6.394,,127.75,7,18,08e9d2335346
php,qwen2515b,steer,16,7,6.5089,4.8371,6.3873,6.4431,,13.743,7,18,08e9d2335346
php,qwen2515b,steer,20,7,6.5089,4.1674,6.2701,6.298,,9.804,7,18,08e9d2335346
php,qwen2515b,steer,24,7,6.5089,3.75,6.4944,6.5525,,190.154,7,18,08e9d2335346
php,qwen2515b,steer,28,7,6.5089,6.5089,6.5089,6.5089,,,7,18,08e9d2335346
php,qwen25coder15b,ablate,0,16,6.666,-6.0078,5.0679,,,7.93,16,18,08e9d2335346
php,qwen25coder15b,ablate,4,16,6.666,-6.4707,5.5161,,,11.424,16,18,08e9d2335346
php,qwen25coder15b,ablate,8,16,6.666,-6.5254,6.0894,,,22.876,16,18,08e9d2335346
php,qwen25coder15b,ablate,12,16,6.666,-6.5273,6.415,,,52.568,16,18,08e9d2335346
php,qwen25coder15b,ablate,16,16,6.666,-6.7363,6.1611,,,26.545,16,18,08e9d2335346
php,qwen25coder15b,ablate,20,16,6.666,-6.2446,6.5029,,,79.165,16,18,08e9d2335346
php,qwen25coder15b,ablate,24,16,6.666,0.6279,6.251,,,14.548,16,18,08e9d2335346
php,qwen25coder15b,ablate,28,16,6.666,6.666,6.666,,,,16,18,08e9d2335346
php,qwen25coder15b,patch,0,16,6.666,-4.4746,5.1592,,,7.393,16,18,08e9d2335346
php,qwen25coder15b,patch,4,16,6.666,-4.7588,4.2598,,,4.748,16,18,08e9d2335346
php,qwen25coder15b,patch,8,16,6.666,-4.5464,4.6875,,,5.667,16,18,08e9d2335346
php,qwen25coder15b,patch,12,16,6.666,-4.1982,4.9238,,,6.236,16,18,08e9d2335346
php,qwen25coder15b,patch,16,16,6.666,-3.9683,4.6553,,,5.289,16,18,08e9d2335346
php,qwen25coder15b,patch,20,16,6.666,-3.4585,4.8232,,,5.494,16,18,08e9d2335346
php,qwen25coder15b,patch,24,16,6.666,0.9629,5.0784,,,3.592,16,18,08e9d2335346
php,qwen25coder15b,patch,28,16,6.666,6.666,5.9546,,,0.0,16,18,08e9d2335346
php,qwen25coder15b,steer,0,8,5.9902,5.291,6.0586,4.6816,,10.229,8,18,08e9d2335346
php,qwen25coder15b,steer,4,8,5.9902,5.2598,5.9258,6.0449,,11.333,8,18,08e9d2335346
php,qwen25coder15b,steer,8,8,5.9902,5.2129,5.9844,5.8418,,132.667,8,18,08e9d2335346
php,qwen25coder15b,steer,12,8,5.9902,5.1875,6.0527,5.8438,,12.844,8,18,08e9d2335346
php,qwen25coder15b,steer,16,8,5.9902,5.3418,6.1152,5.7773,,5.188,8,18,08e9d2335346
php,qwen25coder15b,steer,20,8,5.9902,5.1309,5.4336,5.9785,,1.544,8,18,08e9d2335346
php,qwen25coder15b,steer,24,8,5.9902,5.0918,6.0684,5.9531,,11.5,8,18,08e9d2335346
php,qwen25coder15b,steer,28,8,5.9902,5.9902,5.7793,5.9902,,0.0,8,18,08e9d2335346
php,starcoder27b,ablate,0,17,6.8506,-3.7603,5.66,,,8.912,17,18,08e9d2335346
php,starcoder27b,ablate,4,17,6.8506,-7.409,6.1149,,,19.381,17,18,08e9d2335346
php,starcoder27b,ablate,8,17,6.8506,-5.5781,6.2204,,,19.719,17,18,08e9d2335346
php,starcoder27b,ablate,12,17,6.8506,-5.5423,6.1517,,,17.73,17,18,08e9d2335346
php,starcoder27b,ablate,16,17,6.8506,-5.5388,6.0375,,,15.236,17,18,08e9d2335346
php,starcoder27b,ablate,20,17,6.8506,-1.7822,6.111,,,11.671,17,18,08e9d2335346
php,starcoder27b,ablate,24,17,6.8506,4.1487,6.1697,,,3.968,17,18,08e9d2335346
php,starcoder27b,ablate,28,17,6.8506,6.111,6.7194,,,5.637,17,18,08e9d2335346
php,starcoder27b,ablate,32,17,6.8506,6.8506,6.102,,,0.0,17,18,08e9d2335346
php,starcoder27b,patch,0,17,6.8506,-3.8982,5.2659,,,6.783,17,18,08e9d2335346
php,starcoder27b,patch,4,17,6.8506,-4.6944,5.031,,,6.345,17,18,08e9d2335346
php,starcoder27b,patch,8,17,6.8506,-4.4168,5.0124,,,6.13,17,18,08e9d2335346
php,starcoder27b,patch,12,17,6.8506,-4.1526,5.1012,,,6.289,17,18,08e9d2335346
php,starcoder27b,patch,16,17,6.8506,-3.6261,5.7256,,,9.313,17,18,08e9d2335346
php,starcoder27b,patch,20,17,6.8506,-0.9623,5.5813,,,6.155,17,18,08e9d2335346
php,starcoder27b,patch,24,17,6.8506,4.5506,5.7622,,,2.113,17,18,08e9d2335346
php,starcoder27b,patch,28,17,6.8506,5.9876,6.4237,,,2.022,17,18,08e9d2335346
php,starcoder27b,patch,32,17,6.8506,6.8506,6.8506,,,,17,18,08e9d2335346
php,starcoder27b,steer,0,9,6.25,5.2743,6.3698,6.1823,,8.145,9,18,08e9d2335346
php,starcoder27b,steer,4,9,6.25,5.4696,6.2422,6.1901,,99.889,9,18,08e9d2335346
php,starcoder27b,steer,8,9,6.25,5.5616,6.3003,6.2431,,13.672,9,18,08e9d2335346
php,starcoder27b,steer,12,9,6.25,5.5399,6.3889,6.1814,,5.112,9,18,08e9d2335346
php,starcoder27b,steer,16,9,6.25,5.5955,6.1797,6.2778,,9.309,9,18,08e9d2335346
php,starcoder27b,steer,20,9,6.25,5.2587,6.1363,6.2135,,8.718,9,18,08e9d2335346
php,starcoder27b,steer,24,9,6.25,5.6068,6.1276,6.2465,,5.255,9,18,08e9d2335346
php,starcoder27b,steer,28,9,6.25,6.0677,6.2005,6.2257,,3.684,9,18,08e9d2335346
php,starcoder27b,steer,32,9,6.25,6.25,5.8746,6.25,,0.0,9,18,08e9d2335346
python,qwen2515b,ablate,0,176,10.2757,-1.868,8.1987,,,5.847,176,176,15b5077d3922
python,qwen2515b,ablate,4,176,10.2757,-0.724,8.8723,,,7.838,176,176,15b5077d3922
python,qwen2515b,ablate,8,176,10.2757,-1.2041,8.9347,,,8.561,176,176,15b5077d3922
python,qwen2515b,ablate,12,176,10.2757,-1.0946,9.4041,,,13.046,176,176,15b5077d3922
python,qwen2515b,ablate,16,176,10.2757,-1.1672,9.8374,,,26.108,176,176,15b5077d3922
python,qwen2515b,ablate,20,176,10.2757,-0.7957,9.4862,,,14.024,176,176,15b5077d3922
python,qwen2515b,ablate,24,176,10.2757,3.5944,10.0935,,,36.68,176,176,15b5077d3922
python,qwen2515b,ablate,28,176,10.2757,10.2757,9.9615,,,0.0,176,176,15b5077d3922
python,qwen2515b,patch,0,176,10.2757,-2.4511,7.076,,,3.978,176,176,15b5077d3922
python,qwen2515b,patch,4,176,10.2757,-2.4249,8.2425,,,6.247,176,176,15b5077d3922
python,qwen2515b,patch,8,176,10.2757,-2.6723,8.1103,,,5.98,176,176,15b5077d3922
python,qwen2515b,patch,12,176,10.2757,-2.5471,8.3423,,,6.632,176,176,15b5077d3922
python,qwen2515b,patch,16,176,10.2757,-2.2709,8.5405,,,7.231,176,176,15b5077d3922
python,qwen2515b,patch,20,176,10.2757,-1.7502,8.3358,,,6.199,176,176,15b5077d3922
python,qwen2515b,patch,24,176,10.2757,2.841,8.6905,,,4.69,176,176,15b5077d3922
python,qwen2515b,patch,28,176,10.2757,10.2757,9.8349,,,0.0,176,176,15b5077d3922
python,qwen2515b,steer,0,88,9.8673,9.3959,9.8659,9.8273,,356.933,88,176,15b5077d3922
python,qwen2515b,steer,4,88,9.8673,8.8954,9.8853,9.8427,,53.796,88,176,15b5077d3922
python,qwen2515b,steer,8,88,9.8673,8.6635,9.885,9.8602,,67.755,88,176,15b5077d3922
python,qwen2515b,steer,12,88,9.8673,8.5127,9.7781,9.7947,,15.184,88,176,15b5077d3922
python,qwen2515b,steer,16,88,9.8673,8.3771,9.8691,9.7398,,794.556,88,176,15b5077d3922
python,qwen2515b,steer,20,88,9.8673,8.2047,9.7015,9.751,,10.033,88,176,15b5077d3922
python,qwen2515b,steer,24,88,9.8673,7.6927,9.8777,9.7545,,209.132,88,176,15b5077d3922
python,qwen2515b,steer,28,88,9.8673,9.8673,9.7804,9.8673,,0.0,88,176,15b5077d3922
python,qwen25coder15b,ablate,0,176,10.8064,-0.4794,9.1484,,,6.807,176,176,15b5077d3922
python,qwen25coder15b,ablate,4,176,10.8064,0.4622,9.2409,,,6.608,176,176,15b5077d3922
python,qwen25coder15b,ablate,8,176,10.8064,0.1123,9.7994,,,10.62,176,176,15b5077d3922
python,qwen25coder15b,ablate,12,176,10.8064,0.2868,10.0526,,,13.956,176,176,15b5077d3922
python,qwen25coder15b,ablate,16,176,10.8064,0.3194,10.49,,,33.146,176,176,15b5077d3922
python,qwen25coder15b,ablate,20,176,10.8064,0.5679,9.9813,,,12.41,176,176,15b5077d3922
python,qwen25coder15b,ablate,24,176,10.8064,4.428,10.6109,,,32.635,176,176,15b5077d3922
python,qwen25coder15b,ablate,28,176,10.8064,10.8064,10.5167,,,0.0,176,176,15b5077d3922
python,qwen25coder15b,patch,0,176,10.8064,-2.3201,7.6421,,,4.148,176,176,15b5077d3922
python,qwen25coder15b,patch,4,176,10.8064,-2.4504,8.7533,,,6.457,176,176,15b5077d3922
python,qwen25coder15b,patch,8,176,10.8064,-2.4682,8.837,,,6.741,176,176,15b5077d3922
python,qwen25coder15b,patch,12,176,10.8064,-2.3766,8.984,,,7.234,176,176,15b5077d3922
python,qwen25coder15b,patch,16,176,10.8064,-2.1439,9.1366,,,7.756,176,176,15b5077d3922
python,qwen25coder15b,patch,20,176,10.8064,-1.6342,8.9317,,,6.636,176,176,15b5077d3922
python,qwen25coder15b,patch,24,176,10.8064,2.7477,9.428,,,5.846,176,176,15b5077d3922
python,qwen25coder15b,patch,28,176,10.8064,10.8064,10.3188,,,0.0,176,176,15b5077d3922
python,qwen25coder15b,steer,0,88,10.7455,10.4889,10.7411,10.6022,,58.675,88,176,15b5077d3922
python,qwen25coder15b,steer,4,88,10.7455,10.0042,10.7429,10.7145,,280.672,88,176,15b5077d3922
python,qwen25coder15b,steer,8,88,10.7455,9.7952,10.7203,10.7124,,37.723,88,176,15b5077d3922
python,qwen25coder15b,steer,12,88,10.7455,9.6538,10.6639,10.7551,,13.384,88,176,15b5077d3922
python,qwen25coder15b,steer,16,88,10.7455,9.6323,10.7513,10.6325,,192.912,88,176,15b5077d3922
python,qwen25coder15b,steer,20,88,10.7455,9.5728,10.615,10.638,,8.984,88,176,15b5077d3922
python,qwen25coder15b,steer,24,88,10.7455,9.5145,10.7467,10.6679,,1027.13,88,176,15b5077d3922
python,qwen25coder15b,steer,28,88,10.7455,10.7455,10.6507,10.7455,,0.0,88,176,15b5077d3922
python,starcoder27b,ablate,0,176,10.7344,-0.5598,8.6679,,,5.465,176,176,15b5077d3922
python,starcoder27b,ablate,4,176,10.7344,-1.0835,10.2879,,,26.471,176,176,15b5077d3922
python,starcoder27b,ablate,8,176,10.7344,-0.2285,9.882,,,12.862,176,176,15b5077d3922
python,starcoder27b,ablate,12,176,10.7344,-0.1475,10.202,,,20.44,176,176,15b5077d3922
python,starcoder27b,ablate,16,176,10.7344,-0.1806,9.7366,,,10.94,176,176,15b5077d3922
python,starcoder27b,ablate,20,176,10.7344,4.9837,10.2049,,,10.86,176,176,15b5077d3922
python,starcoder27b,ablate,24,176,10.7344,8.1626,10.2652,,,5.481,176,176,15b5077d3922
python,starcoder27b,ablate,28,176,10.7344,9.9869,9.9171,,,0.915,176,176,15b5077d3922
python,starcoder27b,ablate,32,176,10.7344,10.7344,10.1018,,,0.0,176,176,15b5077d3922
python,starcoder27b,patch,0,176,10.7344,-2.5975,7.4481,,,4.057,176,176,15b5077d3922
python,starcoder27b,patch,4,176,10.7344,-2.8576,9.0068,,,7.868,176,176,15b5077d3922
python,starcoder27b,patch,8,176,10.7344,-2.5946,9.1977,,,8.674,176,176,15b5077d3922
python,starcoder27b,patch,12,176,10.7344,-2.3089,9.387,,,9.68,176,176,15b5077d3922
python,starcoder27b,patch,16,176,10.7344,-1.9028,9.2664,,,8.609,176,176,15b5077d3922
python,starcoder27b,patch,20,176,10.7344,2.3543,9.1931,,,5.437,176,176,15b5077d3922
python,starcoder27b,patch,24,176,10.7344,7.6774,9.5633,,,2.61,176,176,15b5077d3922
python,starcoder27b,patch,28,176,10.7344,9.7249,10.0815,,,1.546,176,176,15b5077d3922
python,starcoder27b,patch,32,176,10.7344,10.7344,10.4473,,,0.0,176,176,15b5077d3922
python,starcoder27b,steer,0,88,10.3513,10.1679,10.3566,10.3466,,34.632,88,176,15b5077d3922
python,starcoder27b,steer,4,88,10.3513,10.0184,10.3573,10.375,,55.053,88,176,15b5077d3922
python,starcoder27b,steer,8,88,10.3513,9.9217,10.3255,10.3459,,16.687,88,176,15b5077d3922
python,starcoder27b,steer,12,88,10.3513,9.8686,10.3415,10.3227,,49.535,88,176,15b5077d3922
python,starcoder27b,steer,16,88,10.3513,9.741,10.2614,10.323,,6.794,88,176,15b5077d3922
python,starcoder27b,steer,20,88,10.3513,9.6299,10.2676,10.3039,,8.624,88,176,15b5077d3922
python,starcoder27b,steer,24,88,10.3513,9.7597,10.3302,10.3155,,28.114,88,176,15b5077d3922
python,starcoder27b,steer,28,88,10.3513,10.0956,10.3053,10.3104,,5.565,88,176,15b5077d3922
python,starcoder27b,steer,32,88,10.3513,10.3513,10.2902,10.3513,,0.0,88,176,15b5077d3922
