role,condition,source,target,n_train,n_test,pairing,name_only,statement_masked,line_masked,window_masked,masked_best,majority,shuffled_labels,rho,smallest_class,smallest_n,git_commit,probe_transfer,probe_indomain,probe_shuffled_source,probe_rho,probe_model
accumulator,original,javascript,php,4879,4817,matched on 678 shared problems,0.827,0.9035,0.9352,0.9516,0.9516,0.4255,0.4764,0.0003,other,1250,c4a7f9472490,,,,,
accumulator,original,javascript,python,13019,15698,matched on 1624 shared problems,0.8507,0.745,0.7117,0.8532,0.8532,0.3692,0.5083,0.0001,other,6509,6fb690808792,,,,,
accumulator,original,php,javascript,4817,4879,matched on 678 shared problems,0.8369,0.8887,0.95,0.9527,0.9527,0.4243,0.497,0.0003,other,1283,c4a7f9472490,,,,,
accumulator,original,php,python,3530,4316,matched on 503 shared problems,0.813,0.8118,0.7104,0.8406,0.8406,0.3749,0.5316,0.0002,other,1728,c4a7f9472490,,,,,
accumulator,original,python,javascript,15698,13019,matched on 1624 shared problems,0.8439,0.7274,0.737,0.8093,0.8093,0.4205,0.4913,0.0001,other,3574,174323674a53,,,,,
accumulator,original,python,php,4316,3530,matched on 503 shared problems,0.8019,0.7648,0.7751,0.8649,0.8649,0.4166,0.5164,0.0003,other,1009,174323674a53,,,,,
index_key,original,javascript,php,4879,4817,matched on 678 shared problems,0.763,0.9018,0.9403,0.9483,0.9483,0.4561,0.4705,0.0004,target,777,83cbd92cb34d,,,,,
index_key,original,javascript,python,13019,15698,matched on 1624 shared problems,0.756,0.8246,0.7573,0.8968,0.8968,0.4119,0.5033,0.0001,target,4703,83cbd92cb34d,,,,,
index_key,original,php,javascript,4817,4879,matched on 678 shared problems,0.7735,0.8612,0.896,0.9504,0.9504,0.4552,0.4687,0.0004,target,802,83cbd92cb34d,,,,,
index_key,original,php,python,3530,4316,matched on 503 shared problems,0.7255,0.8061,0.7329,0.861,0.861,0.4195,0.4981,0.0003,target,1197,83cbd92cb34d,,,,,
index_key,original,python,javascript,15698,13019,matched on 1624 shared problems,0.7968,0.8001,0.7735,0.9106,0.9106,0.4406,0.4859,0.0001,target,2766,c4a7f9472490,,,,,
index_key,original,python,php,4316,3530,matched on 503 shared problems,0.7602,0.7662,0.8064,0.8965,0.8965,0.439,0.4862,0.0004,target,768,c4a7f9472490,,,,,
iterator,original,javascript,php,4879,4817,matched on 678 shared problems,0.7878,0.9196,0.9114,0.9135,0.9196,0.4796,0.4527,0.0007,target,378,c4a7f9472490,,,,,
iterator,original,javascript,python,13019,15698,matched on 1624 shared problems,0.6885,0.6642,0.5895,0.717,0.717,0.4755,0.4969,0.0002,target,1466,c4a7f9472490,,,,,
iterator,original,php,javascript,4817,4879,matched on 678 shared problems,0.8368,0.9132,0.9787,0.9595,0.9787,0.4803,0.4702,0.0007,target,370,c4a7f9472490,,,,,
iterator,original,php,python,3530,4316,matched on 503 shared problems,0.7287,0.5301,0.4954,0.6087,0.6087,0.4732,0.4587,0.0006,target,439,c4a7f9472490,,,,,
iterator,original,python,javascript,15698,13019,matched on 1624 shared problems,0.6469,0.6803,0.5447,0.7702,0.7702,0.4907,0.4472,0.0005,target,477,c4a7f9472490,,,,,
iterator,original,python,php,4316,3530,matched on 503 shared problems,0.7121,0.7121,0.6,0.8386,0.8386,0.4891,0.4717,0.0017,target,151,c4a7f9472490,,,,,
accumulator,C1,python,javascript,14887,12746,matched on 1602 shared problems,0.3959,0.6875,0.6872,0.7899,0.7899,0.4232,0.5684,0.0001,other,3395,d14cde0b0142,,,,,
accumulator,C1,python,php,4096,3517,matched on 500 shared problems,0.2217,0.7228,0.7409,0.768,0.768,0.4169,0.4617,0.0003,other,1002,d14cde0b0142,,,,,
accumulator,C2,python,javascript,14887,12746,matched on 1602 shared problems,0.4102,0.6948,0.6266,0.7889,0.7889,0.4232,0.5645,0.0001,other,3395,d14cde0b0142,,,,,
accumulator,C2,python,php,4096,3517,matched on 500 shared problems,0.4729,0.7068,0.676,0.7857,0.7857,0.4169,0.4632,0.0003,other,1002,d14cde0b0142,,,,,
accumulator,C4,python,javascript,14887,12746,matched on 1602 shared problems,0.3892,0.6953,0.6499,0.7931,0.7931,0.4232,0.5619,0.0001,other,3395,8655cc7406b1,,,,,
accumulator,C4,python,php,4096,3517,matched on 500 shared problems,0.5653,0.7077,0.6981,0.8174,0.8174,0.4169,0.4549,0.0003,other,1002,8655cc7406b1,,,,,
index_key,C1,python,javascript,14887,12746,matched on 1602 shared problems,0.5284,0.7388,0.7173,0.8453,0.8453,0.4432,0.5115,0.0001,target,2601,d14cde0b0142,,,,,
index_key,C1,python,php,4096,3517,matched on 500 shared problems,0.5993,0.7226,0.7663,0.8801,0.8801,0.4393,0.4795,0.0004,target,761,d14cde0b0142,,,,,
index_key,C2,python,javascript,14887,12746,matched on 1602 shared problems,0.5056,0.7473,0.707,0.871,0.871,0.4432,0.5287,0.0001,target,2601,d14cde0b0142,,,,,
index_key,C2,python,php,4096,3517,matched on 500 shared problems,0.626,0.7186,0.7367,0.8786,0.8786,0.4393,0.4919,0.0004,target,761,d14cde0b0142,,,,,
index_key,C4,python,javascript,14887,12746,matched on 1602 shared problems,0.5228,0.7187,0.7224,0.8783,0.8783,0.4432,0.5035,0.0001,target,2601,ec19dd9dddd2,,,,,
index_key,C4,python,php,4096,3517,matched on 500 shared problems,0.5088,0.724,0.7606,0.8786,0.8786,0.4393,0.4766,0.0004,target,761,ec19dd9dddd2,,,,,
iterator,C1,python,javascript,14887,12746,matched on 1602 shared problems,0.5122,0.6622,0.5015,0.5104,0.6622,0.4906,0.4777,0.0006,target,468,d14cde0b0142,,,,,
iterator,C1,python,php,4096,3517,matched on 500 shared problems,0.4426,0.6501,0.4835,0.5066,0.6501,0.489,0.4202,0.0017,target,151,d14cde0b0142,,,,,
iterator,C2,python,javascript,14887,12746,matched on 1602 shared problems,0.4487,0.5547,0.4908,0.5532,0.5547,0.4906,0.4752,0.0006,target,468,d14cde0b0142,,,,,
iterator,C2,python,php,4096,3517,matched on 500 shared problems,0.3368,0.5385,0.4658,0.5152,0.5385,0.489,0.4027,0.0017,target,151,d14cde0b0142,,,,,
iterator,C4,python,javascript,14887,12746,matched on 1602 shared problems,0.4677,0.6235,0.507,0.5777,0.6235,0.4906,0.4647,0.0006,target,468,febacd78a62b,,,,,
iterator,C4,python,php,4096,3517,matched on 500 shared problems,0.4307,0.6299,0.5114,0.511,0.6299,0.489,0.4006,0.0017,target,151,febacd78a62b,,,,,
